arm,radius,theta,k,surv_k,n,p,p_lo,p_hi,anchor_arm,anchor_k,anchor_n,p_anchor,ratio,ratio_lo,ratio_hi
clean,0,0.4,8,223,2000,0.1115,0.0984433779970263,0.12604622237857227,matched,246,2100,0.11714285714285715,0.9518292682926829,0.8011080368906456,1.1276209575997125
clean,0,0.4,32,72,2000,0.036,0.02868448710149568,0.045094598031780314,matched,53,2100,0.025238095238095237,1.4264150943396225,1.0022543706293705,2.025
clean,0,0.4,128,28,2000,0.014,0.009703718394559921,0.020159719913138655,matched,14,2100,0.006666666666666667,2.1,1.145350790513834,4.317031250000001
clean,0,0.4,256,17,2000,0.0085,0.005313722640142794,0.013570803961161424,matched,7,2100,0.0033333333333333335,2.55,1.1375,7.875
clean,0,0.4,512,5,2000,0.0025,0.0010682929691057186,0.005839239043404651,matched,4,2100,0.0019047619047619048,1.3125,0.2625,6.3
clean,0,0.4,2048,2,2000,0.001,0.000274273176083379,0.0036390101892285302,matched,1,2100,0.0004761904761904762,2.1,0.0,5.25
clean,0,0.4,6144,2,2000,0.001,0.000274273176083379,0.0036390101892285302,matched,1,2100,0.0004761904761904762,2.1,0.0,5.25
clean,0,0.8,8,251,2000,0.1255,0.11169492212941057,0.1407409989533736,matched,246,2100,0.11714285714285715,1.071341463414634,0.9055734426500911,1.2609210526315793
clean,0,0.8,32,76,2000,0.038,0.03046747631677216,0.0473039403461018,matched,53,2100,0.025238095238095237,1.5056603773584907,1.05,2.1210218750000007
clean,0,0.8,128,37,2000,0.0185,0.013451271532792346,0.025394912716501614,matched,14,2100,0.006666666666666667,2.7749999999999995,1.55,5.7749999999999995
clean,0,0.8,256,26,2000,0.013,0.00888683405424848,0.01898043848865112,matched,7,2100,0.0033333333333333335,3.8999999999999995,1.9062272727272729,11.602500000000033
clean,0,0.8,512,15,2000,0.0075,0.004550336456172238,0.012338024380333004,matched,4,2100,0.0019047619047619048,3.9375,1.47,17.85
clean,0,0.8,2048,5,2000,0.0025,0.0010682929691057186,0.005839239043404651,matched,1,2100,0.0004761904761904762,5.25,0.7000000000000001,9.45
clean,0,0.8,6144,5,2000,0.0025,0.0010682929691057186,0.005839239043404651,matched,1,2100,0.0004761904761904762,5.25,0.525,9.45
clean,3,0.4,8,450,450,1.0,0.9915353726939092,1.0,matched,600,600,1.0,1.0,1.0,1.0
clean,3,0.4,32,407,450,0.9044444444444445,0.8737579401201372,0.9282840057922694,matched,551,600,0.9183333333333333,0.9848759830611011,0.9473060982830076,1.0225582304384815
clean,3,0.4,128,136,450,0.3022222222222222,0.26161328277529056,0.34617939202578546,matched,143,600,0.23833333333333334,1.268065268065268,1.0424172762103796,1.5572539440203563
clean,3,0.4,256,75,450,0.16666666666666666,0.13508466592525742,0.20389175227880318,matched,77,600,0.12833333333333333,1.2987012987012987,0.9547278338945004,1.7486338797814207
clean,3,0.4,512,39,450,0.08666666666666667,0.06404520955160474,0.11628554902143047,matched,40,600,0.06666666666666667,1.3,0.8372093023255813,2.000450450450452
clean,3,0.4,2048,9,450,0.02,0.010556917460250073,0.037569124753597236,matched,9,600,0.015,1.3333333333333335,0.48484848484848486,3.6666666666666665
clean,3,0.4,6144,4,450,0.008888888888888889,0.0034619344122710383,0.02262998840837828,matched,5,600,0.008333333333333333,1.0666666666666667,0.16666666666666666,4.888888888888889
clean,3,0.8,8,450,450,1.0,0.9915353726939092,1.0,matched,600,600,1.0,1.0,1.0,1.0
clean,3,0.8,32,415,450,0.9222222222222223,0.8937499296330166,0.9435466073085067,matched,551,600,0.9183333333333333,1.0042347247428918,0.9683959451401313,1.04143475572047
clean,3,0.8,128,199,450,0.44222222222222224,0.3970151323167229,0.4884074468386477,matched,143,600,0.23833333333333334,1.8554778554778555,1.5680974842767297,2.2262571073205404
clean,3,0.8,256,168,450,0.37333333333333335,0.32989151978389614,0.41891951913364706,matched,77,600,0.12833333333333333,2.909090909090909,2.2814814814814817,3.7709214743589743
clean,3,0.8,512,130,450,0.28888888888888886,0.24893740102150919,0.3324143305077293,matched,40,600,0.06666666666666667,4.333333333333333,3.137254901960784,6.208680555555556
clean,3,0.8,2048,84,450,0.18666666666666668,0.1533723874137422,0.22526544569807483,matched,9,600,0.015,12.444444444444445,6.933333333333334,30.333333333333332
clean,3,0.8,6144,43,450,0.09555555555555556,0.0717159942077307,0.1262420598798629,matched,5,600,0.008333333333333333,11.466666666666667,5.386666666666668,49.33333333333333
drclean02,0,0.4,8,259,2000,0.1295,0.11549225202985229,0.1449283321121278,driver02,283,2100,0.13476190476190475,0.9609540636042404,0.8151226076555024,1.1225520736562706
drclean02,0,0.4,32,96,2000,0.048,0.0394667769183416,0.0582662973925221,driver02,78,2100,0.037142857142857144,1.2923076923076924,0.9614457831325302,1.7303942131047156
drclean02,0,0.4,128,61,2000,0.0305,0.02381728747704533,0.038982885949836316,driver02,42,2100,0.02,1.525,1.0499999999999998,2.2750000000000004
drclean02,0,0.4,256,58,2000,0.029,0.02250029695161516,0.03730562782806803,driver02,41,2100,0.019523809523809523,1.4853658536585368,1.0043224637681158,2.2499999999999996
drclean02,0,0.4,512,58,2000,0.029,0.02250029695161516,0.03730562782806803,driver02,41,2100,0.019523809523809523,1.4853658536585368,1.0143914377556984,2.2693548387096776
drclean02,0,0.4,2048,58,2000,0.029,0.02250029695161516,0.03730562782806803,driver02,41,2100,0.019523809523809523,1.4853658536585368,1.0096153846153846,2.24
drclean02,0,0.4,6144,58,2000,0.029,0.02250029695161516,0.03730562782806803,driver02,41,2100,0.019523809523809523,1.4853658536585368,1.0255813953488373,2.24
drclean02,0,0.8,8,280,2000,0.14,0.12548170142943788,0.15589862324293147,driver02,283,2100,0.13476190476190475,1.0388692579505303,0.8845616678176051,1.204172794117647
drclean02,0,0.8,32,102,2000,0.051,0.04218982272001876,0.061531748885241856,driver02,78,2100,0.037142857142857144,1.3730769230769229,1.0202538845726972,1.8500735294117652
drclean02,0,0.8,128,72,2000,0.036,0.02868448710149568,0.045094598031780314,driver02,42,2100,0.02,1.7999999999999998,1.2634703389830506,2.679310344827586
drclean02,0,0.8,256,71,2000,0.0355,0.028239757624593097,0.044541244626283415,driver02,41,2100,0.019523809523809523,1.818292682926829,1.2480822523584907,2.696047297297298
drclean02,0,0.8,512,69,2000,0.0345,0.027351577595805796,0.04343325889027176,driver02,41,2100,0.019523809523809523,1.7670731707317076,1.207472074468085,2.6600625000000004
drclean02,0,0.8,2048,69,2000,0.0345,0.027351577595805796,0.04343325889027176,driver02,41,2100,0.019523809523809523,1.7670731707317076,1.2166447368421052,2.625
drclean02,0,0.8,6144,67,2000,0.0335,0.026465162003517027,0.04232350871776155,driver02,41,2100,0.019523809523809523,1.7158536585365856,1.184032398452611,2.5667672413793103
drclean02,3,0.4,8,450,450,1.0,0.9915353726939092,1.0,driver02,600,600,1.0,1.0,1.0,1.0
drclean02,3,0.4,32,421,450,0.9355555555555556,0.9089790812273705,0.9547583989859904,driver02,571,600,0.9516666666666667,0.9830706363105663,0.9530355097365406,1.0129564193168434
drclean02,3,0.4,128,257,450,0.5711111111111111,0.5249711177455374,0.6160472463709297,driver02,275,600,0.4583333333333333,1.246060606060606,1.1050032167459085,1.402482034273079
drclean02,3,0.4,256,244,450,0.5422222222222223,0.49602603834840087,0.5877036153457517,driver02,256,600,0.4266666666666667,1.2708333333333333,1.1167210056670789,1.4476190476190478
drclean02,3,0.4,512,242,450,0.5377777777777778,0.4915866753141687,0.5833293306227044,driver02,254,600,0.42333333333333334,1.2703412073490814,1.1195881280619802,1.443478260869565
drclean02,3,0.4,2048,234,450,0.52,0.47386550718708426,0.565795907720672,driver02,254,600,0.42333333333333334,1.2283464566929134,1.0808080808080809,1.3988187095825984
drclean02,3,0.4,6144,231,450,0.5133333333333333,0.46723498760396276,0.5592059556678748,driver02,254,600,0.42333333333333334,1.2125984251968502,1.0647464118257632,1.3787234042553194
drclean02,3,0.8,8,450,450,1.0,0.9915353726939092,1.0,driver02,600,600,1.0,1.0,1.0,1.0
drclean02,3,0.8,32,423,450,0.94,0.9141108080946955,0.9584403198759445,driver02,571,600,0.9516666666666667,0.9877408056042031,0.9582563662752341,1.016431924882629
drclean02,3,0.8,128,294,450,0.6533333333333333,0.6082309879356588,0.6958398596904732,driver02,275,600,0.4583333333333333,1.4254545454545455,1.2801727574750832,1.5948907103825136
drclean02,3,0.8,256,285,450,0.6333333333333333,0.587854425045853,0.6765550076725227,driver02,256,600,0.4266666666666667,1.4843749999999998,1.318673087212413,1.6708860759493671
drclean02,3,0.8,512,281,450,0.6244444444444445,0.5788244930584276,0.6679576441453898,driver02,254,600,0.42333333333333334,1.4750656167979004,1.314278812974465,1.6666666666666667
drclean02,3,0.8,2048,268,450,0.5955555555555555,0.5495856495220195,0.639907777259483,driver02,254,600,0.42333333333333334,1.4068241469816272,1.246368906455863,1.5885444370567376
drclean02,3,0.8,6144,262,450,0.5822222222222222,0.5361454511636398,0.6269070323460252,driver02,254,600,0.42333333333333334,1.3753280839895012,1.2171666666666667,1.5574241765671786
drclean05,0,0.4,8,96,700,0.13714285714285715,0.11363220119365174,0.16461449522213276,driver05,121,800,0.15125,0.9067296340023614,0.700723199569444,1.1535380507343123
drclean05,0,0.4,32,46,700,0.06571428571428571,0.04962602601475949,0.08654324843562822,driver05,52,800,0.065,1.010989010989011,0.6823027718550106,1.4833434650455932
drclean05,0,0.4,128,34,700,0.04857142857142857,0.03496364905582479,0.06710704412286769,driver05,44,800,0.055,0.8831168831168831,0.5620608899297425,1.3480519480519482
drclean05,0,0.4,256,34,700,0.04857142857142857,0.03496364905582479,0.06710704412286769,driver05,44,800,0.055,0.8831168831168831,0.5602240896358543,1.377443609022557
drclean05,0,0.4,512,34,700,0.04857142857142857,0.03496364905582479,0.06710704412286769,driver05,44,800,0.055,0.8831168831168831,0.5606363300036996,1.3605965463108323
drclean05,0,0.4,2048,34,700,0.04857142857142857,0.03496364905582479,0.06710704412286769,driver05,44,800,0.055,0.8831168831168831,0.5597543576701197,1.3650793650793651
drclean05,0,0.4,6144,34,700,0.04857142857142857,0.03496364905582479,0.06710704412286769,driver05,44,800,0.055,0.8831168831168831,0.5523645320197045,1.357142857142857
drclean05,0,0.8,8,105,700,0.15,0.12546130478909026,0.1783593275804656,driver05,121,800,0.15125,0.9917355371900827,0.7764449291166848,1.2675610627904206
drclean05,0,0.8,32,45,700,0.06428571428571428,0.048388913454087606,0.08493881255699215,driver05,52,800,0.065,0.9890109890109888,0.6625040863027133,1.4693877551020407
drclean05,0,0.8,128,42,700,0.06,0.04469275145242711,0.08011032924072885,driver05,44,800,0.055,1.0909090909090908,0.7142857142857143,1.657188940092166
drclean05,0,0.8,256,42,700,0.06,0.04469275145242711,0.08011032924072885,driver05,44,800,0.055,1.0909090909090908,0.7195464852607709,1.6762500000000005
drclean05,0,0.8,512,42,700,0.06,0.04469275145242711,0.08011032924072885,driver05,44,800,0.055,1.0909090909090908,0.7195767195767195,1.6541353383458646
drclean05,0,0.8,2048,42,700,0.06,0.04469275145242711,0.08011032924072885,driver05,44,800,0.055,1.0909090909090908,0.7047252747252748,1.641025641025641
drclean05,0,0.8,6144,42,700,0.06,0.04469275145242711,0.08011032924072885,driver05,44,800,0.055,1.0909090909090908,0.7085442176870748,1.6703296703296702
drclean10,0,0.4,8,336,2000,0.168,0.15225441539628148,0.18501855069045914,driver10,385,2100,0.18333333333333332,0.9163636363636365,0.7999908759124087,1.0470835353185597
drclean10,0,0.4,32,193,2000,0.0965,0.08432181728364616,0.1102252966199678,driver10,221,2100,0.10523809523809524,0.9169683257918552,0.7660944206008584,1.1071925123762376
drclean10,0,0.4,128,184,2000,0.092,0.08010306146970764,0.10546130649231092,driver10,211,2100,0.10047619047619048,0.9156398104265402,0.7539617926126738,1.1086356682005787
drclean10,0,0.4,256,184,2000,0.092,0.08010306146970764,0.10546130649231092,driver10,211,2100,0.10047619047619048,0.9156398104265402,0.7527376045581282,1.1080117785057886
drclean10,0,0.4,512,184,2000,0.092,0.08010306146970764,0.10546130649231092,driver10,211,2100,0.10047619047619048,0.9156398104265402,0.7592798403538792,1.1073849306431274
drclean10,0,0.4,2048,184,2000,0.092,0.08010306146970764,0.10546130649231092,driver10,211,2100,0.10047619047619048,0.9156398104265402,0.7552592385218365,1.1061754447503576
drclean10,0,0.4,6144,184,2000,0.092,0.08010306146970764,0.10546130649231092,driver10,211,2100,0.10047619047619048,0.9156398104265402,0.7552592385218365,1.0974643682588598
drclean10,0,0.8,8,338,2000,0.169,0.15321382438914655,0.18605530746239307,driver10,385,2100,0.18333333333333332,0.921818181818182,0.8087443001126056,1.0530085959885387
drclean10,0,0.8,32,201,2000,0.1005,0.08807901861123035,0.1144527583515795,driver10,221,2100,0.10523809523809524,0.9549773755656109,0.804250287521564,1.1423642594991366
drclean10,0,0.8,128,194,2000,0.097,0.08479110556577746,0.110754091220236,driver10,211,2100,0.10047619047619048,0.9654028436018957,0.8018117897727274,1.1625213068181817
drclean10,0,0.8,256,194,2000,0.097,0.08479110556577746,0.110754091220236,driver10,211,2100,0.10047619047619048,0.9654028436018957,0.7987,1.1709476943213855
drclean10,0,0.8,512,194,2000,0.097,0.08479110556577746,0.110754091220236,driver10,211,2100,0.10047619047619048,0.9654028436018957,0.7986909871244635,1.1565258079516392
drclean10,0,0.8,2048,194,2000,0.097,0.08479110556577746,0.110754091220236,driver10,211,2100,0.10047619047619048,0.9654028436018957,0.8090090687129404,1.1666808252427183
drclean10,0,0.8,6144,194,2000,0.097,0.08479110556577746,0.110754091220236,driver10,211,2100,0.10047619047619048,0.9654028436018957,0.7983821704860605,1.1641460263720598
drclean10,3,0.4,8,450,450,1.0,0.9915353726939092,1.0,driver10,600,600,1.0,1.0,1.0,1.0
drclean10,3,0.4,32,444,450,0.9866666666666667,0.9712190745637255,0.9938753548583461,driver10,589,600,0.9816666666666667,1.0050933786078098,0.98989898989899,1.0205479452054793
drclean10,3,0.4,128,428,450,0.9511111111111111,0.927089268370908,0.96749597899293,driver10,557,600,0.9283333333333333,1.0245362058647516,0.9935103244837759,1.0564663023679417
drclean10,3,0.4,256,428,450,0.9511111111111111,0.927089268370908,0.96749597899293,driver10,557,600,0.9283333333333333,1.0245362058647516,0.9929577464788732,1.05627944359562
drclean10,3,0.4,512,428,450,0.9511111111111111,0.927089268370908,0.96749597899293,driver10,557,600,0.9283333333333333,1.0245362058647516,0.9940145258927502,1.054945054945055
drclean10,3,0.4,2048,428,450,0.9511111111111111,0.927089268370908,0.96749597899293,driver10,557,600,0.9283333333333333,1.0245362058647516,0.9947451329237669,1.0553531394546123
drclean10,3,0.4,6144,428,450,0.9511111111111111,0.927089268370908,0.96749597899293,driver10,557,600,0.9283333333333333,1.0245362058647516,0.9946332737030411,1.0560657332553276
drclean10,3,0.8,8,450,450,1.0,0.9915353726939092,1.0,driver10,600,600,1.0,1.0,1.0,1.0
drclean10,3,0.8,32,444,450,0.9866666666666667,0.9712190745637255,0.9938753548583461,driver10,589,600,0.9816666666666667,1.0050933786078098,0.9904761904761904,1.0206896551724138
drclean10,3,0.8,128,429,450,0.9533333333333334,0.9297145615245549,0.9692775097179228,driver10,557,600,0.9283333333333333,1.0269299820466786,0.9958992384299941,1.0588949605343048
drclean10,3,0.8,256,429,450,0.9533333333333334,0.9297145615245549,0.9692775097179228,driver10,557,600,0.9283333333333333,1.0269299820466786,0.9958992384299941,1.0573870573870574
drclean10,3,0.8,512,429,450,0.9533333333333334,0.9297145615245549,0.9692775097179228,driver10,557,600,0.9283333333333333,1.0269299820466786,0.9964906081458061,1.0593288851820961
drclean10,3,0.8,2048,429,450,0.9533333333333334,0.9297145615245549,0.9692775097179228,driver10,557,600,0.9283333333333333,1.0269299820466786,0.9963527420804908,1.0579710144927537
drclean10,3,0.8,6144,429,450,0.9533333333333334,0.9297145615245549,0.9692775097179228,driver10,557,600,0.9283333333333333,1.0269299820466786,0.9958400138250174,1.0580557952638059
driver02,0,0.0,8,283,2100,0.13476190476190475,0.12082206012574309,0.1500355937964914,driver02,283,2100,0.13476190476190475,1.0,0.8580960833715071,1.1726625928173124
driver02,0,0.0,32,78,2100,0.037142857142857144,0.029862897781985084,0.04611316429417123,driver02,78,2100,0.037142857142857144,1.0,0.7346809609919918,1.3548387096774193
driver02,0,0.0,128,42,2100,0.02,0.014830182414692444,0.026922770849469653,driver02,42,2100,0.02,1.0,0.6481481481481481,1.5483870967741935
driver02,0,0.0,256,41,2100,0.019523809523809523,0.014424196161599831,0.026378115191117983,driver02,41,2100,0.019523809523809523,1.0,0.6415094339622641,1.555637254901961
driver02,0,0.0,512,41,2100,0.019523809523809523,0.014424196161599831,0.026378115191117983,driver02,41,2100,0.019523809523809523,1.0,0.6346153846153847,1.5357829670329675
driver02,0,0.0,2048,41,2100,0.019523809523809523,0.014424196161599831,0.026378115191117983,driver02,41,2100,0.019523809523809523,1.0,0.6521486349848331,1.5526315789473686
driver02,0,0.0,6144,41,2100,0.019523809523809523,0.014424196161599831,0.026378115191117983,driver02,41,2100,0.019523809523809523,1.0,0.6499780701754385,1.5518199233716479
driver02,0,0.4,8,252,2000,0.126,0.11216933033102068,0.141264673634163,driver02,283,2100,0.13476190476190475,0.9349823321554771,0.7988272165697675,1.0988419600036197
driver02,0,0.4,32,73,2000,0.0365,0.029129631650884488,0.045647536364791005,driver02,78,2100,0.037142857142857144,0.9826923076923076,0.7159090909090909,1.3577852434077078
driver02,0,0.4,128,40,2000,0.02,0.014721643767243237,0.02711878912924918,driver02,42,2100,0.02,1.0,0.6461079545454546,1.5441176470588238
driver02,0,0.4,256,31,2000,0.0155,0.010940903471396526,0.021916783483500506,driver02,41,2100,0.019523809523809523,0.7939024390243903,0.486073717948718,1.26
driver02,0,0.4,512,29,2000,0.0145,0.010114610999973123,0.020746910190124937,driver02,41,2100,0.019523809523809523,0.7426829268292684,0.4461995192307692,1.1813558467741938
driver02,0,0.4,2048,26,2000,0.013,0.00888683405424848,0.01898043848865112,driver02,41,2100,0.019523809523809523,0.6658536585365854,0.40212765957446805,1.0783980855855857
driver02,0,0.4,6144,25,2000,0.0125,0.008481021586816417,0.018388168073683698,driver02,41,2100,0.019523809523809523,0.6402439024390244,0.37333333333333335,1.05
driver02,0,0.8,8,256,2000,0.128,0.11406770406969287,0.14335863142508878,driver02,283,2100,0.13476190476190475,0.9498233215547704,0.8115137304432855,1.111301761023447
driver02,0,0.8,32,78,2000,0.039,0.03136130698332722,0.04840627544434571,driver02,78,2100,0.037142857142857144,1.05,0.7668539325842697,1.4369089558573858
driver02,0,0.8,128,28,2000,0.014,0.009703718394559921,0.020159719913138655,driver02,42,2100,0.02,0.7,0.42,1.1277777777777778
driver02,0,0.8,256,18,2000,0.009,0.005700452646339954,0.014182156837363747,driver02,41,2100,0.019523809523809523,0.4609756097560975,0.24705882352941178,0.7636363636363637
driver02,0,0.8,512,16,2000,0.008,0.00493025378658916,0.012956189932315568,driver02,41,2100,0.019523809523809523,0.40975609756097564,0.21428571428571427,0.7000000000000001
driver02,0,0.8,2048,8,2000,0.004,0.002028222209821939,0.007873558449886893,driver02,41,2100,0.019523809523809523,0.20487804878048782,0.07682926829268293,0.3982758620689655
driver02,0,0.8,6144,6,2000,0.003,0.0013756111462276122,0.006530003748682246,driver02,41,2100,0.019523809523809523,0.15365853658536585,0.043750000000000004,0.3182481060606063
driver02,3,0.0,8,600,600,1.0,0.9936380666717896,1.0,driver02,600,600,1.0,1.0,1.0,1.0
driver02,3,0.0,32,571,600,0.9516666666666667,0.9314470668068944,0.9661393200866222,driver02,571,600,0.9516666666666667,1.0,0.9756521739130435,1.025
driver02,3,0.0,128,275,600,0.4583333333333333,0.4188553820891988,0.4983414456881521,driver02,275,600,0.4583333333333333,1.0,0.8827586206896553,1.1307818532818532
driver02,3,0.0,256,256,600,0.4266666666666667,0.38768085832894195,0.4665855585591957,driver02,256,600,0.4266666666666667,1.0,0.8754217128027681,1.1435129339886816
driver02,3,0.0,512,254,600,0.42333333333333334,0.38440880935423183,0.46323335375609387,driver02,254,600,0.42333333333333334,1.0,0.8715137768817205,1.1379310344827587
driver02,3,0.0,2048,254,600,0.42333333333333334,0.38440880935423183,0.46323335375609387,driver02,254,600,0.42333333333333334,1.0,0.8723404255319149,1.145837942477876
driver02,3,0.0,6144,254,600,0.42333333333333334,0.38440880935423183,0.46323335375609387,driver02,254,600,0.42333333333333334,1.0,0.874062370921107,1.1428571428571428
driver02,3,0.4,8,450,450,1.0,0.9915353726939092,1.0,driver02,600,600,1.0,1.0,1.0,1.0
driver02,3,0.4,32,417,450,0.9266666666666666,0.898800980941121,0.9473092037576814,driver02,571,600,0.9516666666666667,0.9737302977232924,0.943089430894309,1.0041152263374487
driver02,3,0.4,128,213,450,0.47333333333333333,0.4276222687794505,0.5194958446768745,driver02,275,600,0.4583333333333333,1.0327272727272727,0.9073402737026655,1.178893178893179
driver02,3,0.4,256,190,450,0.4222222222222222,0.37743408067254597,0.4683270835750683,driver02,256,600,0.4266666666666667,0.9895833333333333,0.854320987654321,1.1380753138075315
driver02,3,0.4,512,181,450,0.4022222222222222,0.35792875081437947,0.44817099852547837,driver02,254,600,0.42333333333333334,0.9501312335958004,0.8197441077441078,1.0987276283904122
driver02,3,0.4,2048,163,450,0.3622222222222222,0.3191523283772182,0.407624591147127,driver02,254,600,0.42333333333333334,0.8556430446194225,0.7306630906768838,1.0013197467242596
driver02,3,0.4,6144,156,450,0.3466666666666667,0.3041601403095267,0.3917690120643413,driver02,254,600,0.42333333333333334,0.8188976377952756,0.6968610550767161,0.9554807561539508
driver02,3,0.8,8,450,450,1.0,0.9915353726939092,1.0,driver02,600,600,1.0,1.0,1.0,1.0
driver02,3,0.8,32,418,450,0.9288888888888889,0.9013356093664393,0.9491813992110028,driver02,571,600,0.9516666666666667,0.9760653823701109,0.9451184286539572,1.0077899566390542
driver02,3,0.8,128,220,450,0.4888888888888889,0.4429924993784164,0.5349733812283857,driver02,275,600,0.4583333333333333,1.0666666666666667,0.9379272030651341,1.2130836397058824
driver02,3,0.8,256,170,450,0.37777777777777777,0.3341941827894129,0.4234305038854094,driver02,256,600,0.4266666666666667,0.8854166666666666,0.7593170852406285,1.0239219923844807
driver02,3,0.8,512,137,450,0.30444444444444446,0.2637300338300373,0.3484694648496784,driver02,254,600,0.42333333333333334,0.7191601049868767,0.6051559479880513,0.8449969216810861
driver02,3,0.8,2048,103,450,0.2288888888888889,0.1924634305606438,0.26990405624532554,driver02,254,600,0.42333333333333334,0.5406824146981627,0.4392141300964831,0.6508265751715535
driver02,3,0.8,6144,88,450,0.19555555555555557,0.16155057692712754,0.23471455169924788,driver02,254,600,0.42333333333333334,0.46194225721784776,0.37174106340512875,0.5636904122345188
driver05,0,0.0,8,121,800,0.15125,0.12809168500212925,0.17774170306835624,driver05,121,800,0.15125,1.0,0.7883101083831011,1.2574556162512804
driver05,0,0.0,32,52,800,0.065,0.049910060890947544,0.08424771347653978,driver05,52,800,0.065,1.0,0.6779661016949153,1.4489795918367347
driver05,0,0.0,128,44,800,0.055,0.04122340967774292,0.07302994570968664,driver05,44,800,0.055,1.0,0.653039041703638,1.527777777777778
driver05,0,0.0,256,44,800,0.055,0.04122340967774292,0.07302994570968664,driver05,44,800,0.055,1.0,0.6595744680851064,1.5161568409343715
driver05,0,0.0,512,44,800,0.055,0.04122340967774292,0.07302994570968664,driver05,44,800,0.055,1.0,0.6590909090909091,1.5428571428571431
driver05,0,0.0,2048,44,800,0.055,0.04122340967774292,0.07302994570968664,driver05,44,800,0.055,1.0,0.6666666666666667,1.527777777777778
driver05,0,0.0,6144,44,800,0.055,0.04122340967774292,0.07302994570968664,driver05,44,800,0.055,1.0,0.66,1.5294117647058822
driver05,0,0.4,8,104,700,0.14857142857142858,0.12414355802520705,0.17683552590504092,driver05,121,800,0.15125,0.9822904368358915,0.7675906183368869,1.2408518189884652
driver05,0,0.4,32,36,700,0.05142857142857143,0.03737665763302461,0.07037713242428374,driver05,52,800,0.065,0.7912087912087912,0.5078844652615144,1.1925741890959283
driver05,0,0.4,128,30,700,0.04285714285714286,0.030182647117360618,0.06052185230410012,driver05,44,800,0.055,0.7792207792207793,0.48,1.2307692307692306
driver05,0,0.4,256,28,700,0.04,0.027817417207753308,0.057203985335091564,driver05,44,800,0.055,0.7272727272727273,0.44314868804664725,1.142857142857143
driver05,0,0.4,512,28,700,0.04,0.027817417207753308,0.057203985335091564,driver05,44,800,0.055,0.7272727272727273,0.45705215419501133,1.1428571428571428
driver05,0,0.4,2048,28,700,0.04,0.027817417207753308,0.057203985335091564,driver05,44,800,0.055,0.7272727272727273,0.44110275689223066,1.1714285714285715
driver05,0,0.4,6144,28,700,0.04,0.027817417207753308,0.057203985335091564,driver05,44,800,0.055,0.7272727272727273,0.4481549141395688,1.1135531135531136
driver05,0,0.8,8,91,700,0.13,0.10709191570077868,0.1569470385184661,driver05,121,800,0.15125,0.859504132231405,0.66266158637368,1.1016731016731016
driver05,0,0.8,32,35,700,0.05,0.03616840378254185,0.06874383783545857,driver05,52,800,0.065,0.7692307692307693,0.5,1.1428571428571428
driver05,0,0.8,128,27,700,0.03857142857142857,0.02664183931591639,0.05553801478762055,driver05,44,800,0.055,0.7012987012987012,0.4257703081232493,1.112781954887218
driver05,0,0.8,256,26,700,0.037142857142857144,0.025471275324428548,0.053867030339800455,driver05,44,800,0.055,0.6753246753246753,0.40551075268817205,1.0633846773381668
driver05,0,0.8,512,26,700,0.037142857142857144,0.025471275324428548,0.053867030339800455,driver05,44,800,0.055,0.6753246753246753,0.40336134453781514,1.0735930735930734
driver05,0,0.8,2048,25,700,0.03571428571428571,0.0243059951692755,0.05219076205564555,driver05,44,800,0.055,0.6493506493506493,0.3956043956043956,1.047683397683398
driver05,0,0.8,6144,24,700,0.03428571428571429,0.023146294869098145,0.050508913916515,driver05,44,800,0.055,0.6233766233766234,0.37267080745341613,1.0057815126050422
driver10,0,0.0,8,385,2100,0.18333333333333332,0.16736689525889073,0.2004562336306607,driver10,385,2100,0.18333333333333332,1.0,0.8817896877415886,1.1428571428571428
driver10,0,0.0,32,221,2100,0.10523809523809524,0.09282650039291337,0.1190913550197755,driver10,221,2100,0.10523809523809524,1.0,0.8333171206225681,1.196358568930341
driver10,0,0.0,128,211,2100,0.10047619047619048,0.08833844254555906,0.11407299375268698,driver10,211,2100,0.10047619047619048,1.0,0.8396491469455145,1.1980400671646112
driver10,0,0.0,256,211,2100,0.10047619047619048,0.08833844254555906,0.11407299375268698,driver10,211,2100,0.10047619047619048,1.0,0.8311658660973729,1.2
driver10,0,0.0,512,211,2100,0.10047619047619048,0.08833844254555906,0.11407299375268698,driver10,211,2100,0.10047619047619048,1.0,0.8305687665679089,1.206722483061928
driver10,0,0.0,2048,211,2100,0.10047619047619048,0.08833844254555906,0.11407299375268698,driver10,211,2100,0.10047619047619048,1.0,0.8354430379746837,1.1937250918183948
driver10,0,0.0,6144,211,2100,0.10047619047619048,0.08833844254555906,0.11407299375268698,driver10,211,2100,0.10047619047619048,1.0,0.8352833243389098,1.2102564102564102
driver10,0,0.4,8,342,2000,0.171,0.15513326229685265,0.1881282010842849,driver10,385,2100,0.18333333333333332,0.9327272727272728,0.8183999794407895,1.0622540697674419
driver10,0,0.4,32,179,2000,0.0895,0.07776320871460618,0.10281074483541494,driver10,221,2100,0.10523809523809524,0.8504524886877828,0.7015689858724552,1.0294167618503713
driver10,0,0.4,128,160,2000,0.08,0.06889938470059176,0.09271099408383912,driver10,211,2100,0.10047619047619048,0.7962085308056872,0.6479704571592869,0.9708781273388218
driver10,0,0.4,256,160,2000,0.08,0.06889938470059176,0.09271099408383912,driver10,211,2100,0.10047619047619048,0.7962085308056872,0.6480832956161903,0.9701154569338554
driver10,0,0.4,512,160,2000,0.08,0.06889938470059176,0.09271099408383912,driver10,211,2100,0.10047619047619048,0.7962085308056872,0.651080436121375,0.971839214102707
driver10,0,0.4,2048,160,2000,0.08,0.06889938470059176,0.09271099408383912,driver10,211,2100,0.10047619047619048,0.7962085308056872,0.6542589124869632,0.9750095177664975
driver10,0,0.4,6144,160,2000,0.08,0.06889938470059176,0.09271099408383912,driver10,211,2100,0.10047619047619048,0.7962085308056872,0.6545995553220632,0.9683951028723778
driver10,0,0.8,8,329,2000,0.1645,0.14889813644807057,0.18138824946187362,driver10,385,2100,0.18333333333333332,0.8972727272727273,0.7874840328467153,1.02186644652808
driver10,0,0.8,32,170,2000,0.085,0.07355890462538317,0.09803230298304258,driver10,221,2100,0.10523809523809524,0.8076923076923077,0.6642793619424054,0.973170731707317
driver10,0,0.8,128,153,2000,0.0765,0.0656457420341257,0.08897805657350875,driver10,211,2100,0.10047619047619048,0.7613744075829383,0.6252164256198347,0.9248938659535352
driver10,0,0.8,256,153,2000,0.0765,0.0656457420341257,0.08897805657350875,driver10,211,2100,0.10047619047619048,0.7613744075829383,0.6212354166666666,0.9218372417244585
driver10,0,0.8,512,153,2000,0.0765,0.0656457420341257,0.08897805657350875,driver10,211,2100,0.10047619047619048,0.7613744075829383,0.6229605263157895,0.9240114130434783
driver10,0,0.8,2048,153,2000,0.0765,0.0656457420341257,0.08897805657350875,driver10,211,2100,0.10047619047619048,0.7613744075829383,0.6232837504800922,0.9258772819472617
driver10,0,0.8,6144,153,2000,0.0765,0.0656457420341257,0.08897805657350875,driver10,211,2100,0.10047619047619048,0.7613744075829383,0.6202223388997029,0.9235712041884817
driver10,3,0.0,8,600,600,1.0,0.9936380666717896,1.0,driver10,600,600,1.0,1.0,1.0,1.0
driver10,3,0.0,32,589,600,0.9816666666666667,0.967471870331063,0.989732800562761,driver10,589,600,0.9816666666666667,1.0,0.9847972972972973,1.0154905335628226
driver10,3,0.0,128,557,600,0.9283333333333333,0.9048552635936665,0.9463613468551665,driver10,557,600,0.9283333333333333,1.0,0.9680851063829788,1.0326678765880217
driver10,3,0.0,256,557,600,0.9283333333333333,0.9048552635936665,0.9463613468551665,driver10,557,600,0.9283333333333333,1.0,0.9683098591549295,1.03302752293578
driver10,3,0.0,512,557,600,0.9283333333333333,0.9048552635936665,0.9463613468551665,driver10,557,600,0.9283333333333333,1.0,0.9683098591549295,1.0327272727272727
driver10,3,0.0,2048,557,600,0.9283333333333333,0.9048552635936665,0.9463613468551665,driver10,557,600,0.9283333333333333,1.0,0.9681387635769189,1.0310786106032908
driver10,3,0.0,6144,557,600,0.9283333333333333,0.9048552635936665,0.9463613468551665,driver10,557,600,0.9283333333333333,1.0,0.968083689202978,1.0330882352941178
driver10,3,0.4,8,450,450,1.0,0.9915353726939092,1.0,driver10,600,600,1.0,1.0,1.0,1.0
driver10,3,0.4,32,449,450,0.9977777777777778,0.9875209232740368,0.9996076255412326,driver10,589,600,0.9816666666666667,1.0164119977362762,1.005611672278339,1.0291595197255574
driver10,3,0.4,128,416,450,0.9244444444444444,0.8962725013077568,0.9454308595124059,driver10,557,600,0.9283333333333333,0.9958108916816277,0.9612375708768182,1.030852994555354
driver10,3,0.4,256,416,450,0.9244444444444444,0.8962725013077568,0.9454308595124059,driver10,557,600,0.9283333333333333,0.9958108916816277,0.9628318584070796,1.0306361897287486
driver10,3,0.4,512,416,450,0.9244444444444444,0.8962725013077568,0.9454308595124059,driver10,557,600,0.9283333333333333,0.9958108916816277,0.9621749408983452,1.030852994555354
driver10,3,0.4,2048,416,450,0.9244444444444444,0.8962725013077568,0.9454308595124059,driver10,557,600,0.9283333333333333,0.9958108916816277,0.9622949480287423,1.0316301703163016
driver10,3,0.4,6144,416,450,0.9244444444444444,0.8962725013077568,0.9454308595124059,driver10,557,600,0.9283333333333333,0.9958108916816277,0.9614022374777523,1.0307528746793821
driver10,3,0.8,8,450,450,1.0,0.9915353726939092,1.0,driver10,600,600,1.0,1.0,1.0,1.0
driver10,3,0.8,32,447,450,0.9933333333333333,0.9805846656696399,0.9977302353883505,driver10,589,600,0.9816666666666667,1.0118845500848896,0.9988564290378447,1.0258175559380378
driver10,3,0.8,128,427,450,0.9488888888888889,0.9244746168980654,0.965703806587133,driver10,557,600,0.9283333333333333,1.0221424296828245,0.9907391219891221,1.0535279805352797
driver10,3,0.8,256,427,450,0.9488888888888889,0.9244746168980654,0.965703806587133,driver10,557,600,0.9283333333333333,1.0221424296828245,0.9906103286384977,1.0525030525030523
driver10,3,0.8,512,427,450,0.9488888888888889,0.9244746168980654,0.965703806587133,driver10,557,600,0.9283333333333333,1.0221424296828245,0.9906103286384977,1.0548367221195318
driver10,3,0.8,2048,427,450,0.9488888888888889,0.9244746168980654,0.965703806587133,driver10,557,600,0.9283333333333333,1.0221424296828245,0.9900058788947679,1.054434250764526
driver10,3,0.8,6144,427,450,0.9488888888888889,0.9244746168980654,0.965703806587133,driver10,557,600,0.9283333333333333,1.0221424296828245,0.9923017610530519,1.0541558586263762
matched,0,0.0,8,246,2100,0.11714285714285715,0.1040820943066707,0.13160180889212528,matched,246,2100,0.11714285714285715,1.0,0.8467088625783091,1.1898832194466227
matched,0,0.0,32,53,2100,0.025238095238095237,0.019346824405903174,0.03286318988414605,matched,53,2100,0.025238095238095237,1.0,0.6857010582010582,1.4634571752694272
matched,0,0.0,128,14,2100,0.006666666666666667,0.003975329830884795,0.011159649912837358,matched,14,2100,0.006666666666666667,1.0,0.4545454545454546,2.1999999999999997
matched,0,0.0,256,7,2100,0.0033333333333333335,0.0016155832151304645,0.006864903148481703,matched,7,2100,0.0033333333333333335,1.0,0.2857142857142857,3.0
matched,0,0.0,512,4,2100,0.0019047619047619048,0.0007409543167825753,0.0048876063124967395,matched,4,2100,0.0019047619047619048,1.0,0.16666666666666666,5.000000000000001
matched,0,0.0,2048,1,2100,0.0004761904761904762,8.406209566901154e-05,0.0026925727992774527,matched,1,2100,0.0004761904761904762,1.0,0.0,3.0
matched,0,0.0,6144,1,2100,0.0004761904761904762,8.406209566901154e-05,0.0026925727992774527,matched,1,2100,0.0004761904761904762,1.0,0.0,3.0
matched,0,0.4,8,71,500,0.142,0.1141288975465133,0.17533032932161352,matched,246,2100,0.11714285714285715,1.2121951219512195,0.9316887964148527,1.5356862712867383
matched,0,0.4,32,21,500,0.042,0.027632099334746148,0.06335205123956134,matched,53,2100,0.025238095238095237,1.6641509433962267,0.9599473684210528,2.6634146341463416
matched,0,0.4,128,4,500,0.008,0.0031152647975077885,0.020387359836901122,matched,14,2100,0.006666666666666667,1.2,0.23333333333333334,3.15
matched,0,0.4,256,2,500,0.004,0.0010976075412372681,0.014466014041418871,matched,7,2100,0.0033333333333333335,1.2,0.0,4.2
matched,0,0.4,512,0,500,0.0,0.0,0.007624618530903363,matched,4,2100,0.0019047619047619048,0.0,0.0,0.0
matched,0,0.4,2048,0,500,0.0,0.0,0.007624618530903363,matched,1,2100,0.0004761904761904762,0.0,0.0,0.0
matched,0,0.4,6144,0,500,0.0,0.0,0.007624618530903363,matched,1,2100,0.0004761904761904762,0.0,0.0,0.0
matched,0,0.8,8,49,500,0.098,0.07492354740061163,0.1272066458982347,matched,246,2100,0.11714285714285715,0.8365853658536585,0.6078780913126189,1.1043103448275862
matched,0,0.8,32,16,500,0.032,0.01979134135128301,0.05134530159364255,matched,53,2100,0.025238095238095237,1.267924528301887,0.6631578947368421,2.1
matched,0,0.8,128,5,500,0.01,0.004278690781520357,0.023193435378764938,matched,14,2100,0.006666666666666667,1.5,0.3,3.7333333333333334
matched,0,0.8,256,2,500,0.004,0.0010976075412372681,0.014466014041418871,matched,7,2100,0.0033333333333333335,1.2,0.0,5.25
matched,0,0.8,512,0,500,0.0,0.0,0.007624618530903363,matched,4,2100,0.0019047619047619048,0.0,0.0,0.0
matched,0,0.8,2048,0,500,0.0,0.0,0.007624618530903363,matched,1,2100,0.0004761904761904762,0.0,0.0,0.0
matched,0,0.8,6144,0,500,0.0,0.0,0.007624618530903363,matched,1,2100,0.0004761904761904762,0.0,0.0,0.0
matched,3,0.0,8,600,600,1.0,0.9936380666717896,1.0,matched,600,600,1.0,1.0,1.0,1.0
matched,3,0.0,32,551,600,0.9183333333333333,0.8936671427080689,0.9376767064073284,matched,551,600,0.9183333333333333,1.0,0.9665433647987215,1.033152234964921
matched,3,0.0,128,143,600,0.23833333333333334,0.20597368710112046,0.27402239134064316,matched,143,600,0.23833333333333334,1.0,0.8181664619164619,1.226580255681818
matched,3,0.0,256,77,600,0.12833333333333333,0.10391611275495638,0.1574795910190135,matched,77,600,0.12833333333333333,1.0,0.7438615790797084,1.3529638009049774
matched,3,0.0,512,40,600,0.06666666666666667,0.04933734543081517,0.08950966345363401,matched,40,600,0.06666666666666667,1.0,0.6481209150326798,1.5278186274509804
matched,3,0.0,2048,9,600,0.015,0.00791115278835805,0.028259922540006213,matched,9,600,0.015,1.0,0.36363636363636365,2.75
matched,3,0.0,6144,5,600,0.008333333333333333,0.0035645513465728095,0.019358016426167593,matched,5,600,0.008333333333333333,1.0,0.2,4.0
matched,3,0.4,8,250,250,1.0,0.9848661527503766,1.0,matched,600,600,1.0,1.0,1.0,1.0
matched,3,0.4,32,223,250,0.892,0.8474265111015622,0.9247085526547332,matched,551,600,0.9183333333333333,0.9713248638838475,0.9253455825864276,1.0185792349726777
matched,3,0.4,128,59,250,0.236,0.1876058720228644,0.2923847993249367,matched,143,600,0.23833333333333334,0.9902097902097902,0.7421052631578947,1.283343023255814
matched,3,0.4,256,25,250,0.1,0.06865445354100544,0.1434526242586933,matched,77,600,0.12833333333333333,0.7792207792207793,0.4744186046511628,1.161290322580645
matched,3,0.4,512,14,250,0.056,0.03364733819454402,0.09179151816312153,matched,40,600,0.06666666666666667,0.8400000000000001,0.42000000000000004,1.4824369747899164
matched,3,0.4,2048,3,250,0.012,0.004089245839774545,0.034681389075857876,matched,9,600,0.015,0.8,0.0,2.4
matched,3,0.4,6144,3,250,0.012,0.004089245839774545,0.034681389075857876,matched,5,600,0.008333333333333333,1.44,0.0,6.0
matched,3,0.8,8,250,250,1.0,0.9848661527503766,1.0,matched,600,600,1.0,1.0,1.0,1.0
matched,3,0.8,32,225,250,0.9,0.8565473757413067,0.9313455464589946,matched,551,600,0.9183333333333333,0.9800362976406534,0.9333333333333332,1.0260231233586852
matched,3,0.8,128,59,250,0.236,0.1876058720228644,0.2923847993249367,matched,143,600,0.23833333333333334,0.9902097902097902,0.7324675324675325,1.283753891228713
matched,3,0.8,256,17,250,0.068,0.04288555795457601,0.1061900860690986,matched,77,600,0.12833333333333333,0.5298701298701299,0.2962962962962963,0.8385903614457833
matched,3,0.8,512,11,250,0.044,0.024743541619069078,0.07705852707258744,matched,40,600,0.06666666666666667,0.6599999999999999,0.2938775510204082,1.1636363636363636
matched,3,0.8,2048,4,250,0.016,0.006239123654412256,0.04041044048322319,matched,9,600,0.015,1.0666666666666667,0.17142857142857143,3.2
matched,3,0.8,6144,2,250,0.008,0.0021965911168378306,0.028695114576791587,matched,5,600,0.008333333333333333,0.9600000000000001,0.0,4.8
